Original_Image,Distorted_Image_Path,Distortion_Type,Ground_Truth
car_223.jpg,KSA_License_Plate_Project/Gaussian_Blur/car_223.jpg,Gaussian_Blur,6983 LNJ
car_223.jpg,KSA_License_Plate_Project/Motion_Blur/car_223.jpg,Motion_Blur,6983 LNJ
car_223.jpg,KSA_License_Plate_Project/Dirty/car_223.jpg,Dirty,6983 LNJ
car_223.jpg,KSA_License_Plate_Project/Occlusion/car_223.jpg,Occlusion,6983 LNJ
car_223.jpg,KSA_License_Plate_Project/Rotation/car_223.jpg,Rotation,6983 LNJ
car_223.jpg,KSA_License_Plate_Project/Tilted/car_223.jpg,Tilted,6983 LNJ
car_223.jpg,KSA_License_Plate_Project/Low_Res/car_223.jpg,Low_Res,6983 LNJ
car_223.jpg,KSA_License_Plate_Project/Low_Light/car_223.jpg,Low_Light,6983 LNJ
car_223.jpg,KSA_License_Plate_Project/Over_Exposed/car_223.jpg,Over_Exposed,6983 LNJ
car_228.jpg,KSA_License_Plate_Project/Gaussian_Blur/car_228.jpg,Gaussian_Blur,999 GLG
car_228.jpg,KSA_License_Plate_Project/Motion_Blur/car_228.jpg,Motion_Blur,999 GLG
car_228.jpg,KSA_License_Plate_Project/Dirty/car_228.jpg,Dirty,999 GLG
car_228.jpg,KSA_License_Plate_Project/Occlusion/car_228.jpg,Occlusion,999 GLG
car_228.jpg,KSA_License_Plate_Project/Rotation/car_228.jpg,Rotation,999 GLG
car_228.jpg,KSA_License_Plate_Project/Tilted/car_228.jpg,Tilted,999 GLG
car_228.jpg,KSA_License_Plate_Project/Low_Res/car_228.jpg,Low_Res,999 GLG
car_228.jpg,KSA_License_Plate_Project/Low_Light/car_228.jpg,Low_Light,999 GLG
car_228.jpg,KSA_License_Plate_Project/Over_Exposed/car_228.jpg,Over_Exposed,999 GLG
car_198.jpg,KSA_License_Plate_Project/Gaussian_Blur/car_198.jpg,Gaussian_Blur,6881 ULD
car_198.jpg,KSA_License_Plate_Project/Motion_Blur/car_198.jpg,Motion_Blur,6881 ULD
car_198.jpg,KSA_License_Plate_Project/Dirty/car_198.jpg,Dirty,6881 ULD
car_198.jpg,KSA_License_Plate_Project/Occlusion/car_198.jpg,Occlusion,6881 ULD
car_198.jpg,KSA_License_Plate_Project/Rotation/car_198.jpg,Rotation,6881 ULD
car_198.jpg,KSA_License_Plate_Project/Tilted/car_198.jpg,Tilted,6881 ULD
car_198.jpg,KSA_License_Plate_Project/Low_Res/car_198.jpg,Low_Res,6881 ULD
car_198.jpg,KSA_License_Plate_Project/Low_Light/car_198.jpg,Low_Light,6881 ULD
car_198.jpg,KSA_License_Plate_Project/Over_Exposed/car_198.jpg,Over_Exposed,6881 ULD
car_193.jpg,KSA_License_Plate_Project/Gaussian_Blur/car_193.jpg,Gaussian_Blur,3297 UKB
car_193.jpg,KSA_License_Plate_Project/Motion_Blur/car_193.jpg,Motion_Blur,3297 UKB
car_193.jpg,KSA_License_Plate_Project/Dirty/car_193.jpg,Dirty,3297 UKB
car_193.jpg,KSA_License_Plate_Project/Occlusion/car_193.jpg,Occlusion,3297 UKB
car_193.jpg,KSA_License_Plate_Project/Rotation/car_193.jpg,Rotation,3297 UKB
car_193.jpg,KSA_License_Plate_Project/Tilted/car_193.jpg,Tilted,3297 UKB
car_193.jpg,KSA_License_Plate_Project/Low_Res/car_193.jpg,Low_Res,3297 UKB
car_193.jpg,KSA_License_Plate_Project/Low_Light/car_193.jpg,Low_Light,3297 UKB
car_193.jpg,KSA_License_Plate_Project/Over_Exposed/car_193.jpg,Over_Exposed,3297 UKB
car_204.jpg,KSA_License_Plate_Project/Gaussian_Blur/car_204.jpg,Gaussian_Blur,2480 AJD
car_204.jpg,KSA_License_Plate_Project/Motion_Blur/car_204.jpg,Motion_Blur,2480 AJD
car_204.jpg,KSA_License_Plate_Project/Dirty/car_204.jpg,Dirty,2480 AJD
car_204.jpg,KSA_License_Plate_Project/Occlusion/car_204.jpg,Occlusion,2480 AJD
car_204.jpg,KSA_License_Plate_Project/Rotation/car_204.jpg,Rotation,2480 AJD
car_204.jpg,KSA_License_Plate_Project/Tilted/car_204.jpg,Tilted,2480 AJD
car_204.jpg,KSA_License_Plate_Project/Low_Res/car_204.jpg,Low_Res,2480 AJD
car_204.jpg,KSA_License_Plate_Project/Low_Light/car_204.jpg,Low_Light,2480 AJD
car_204.jpg,KSA_License_Plate_Project/Over_Exposed/car_204.jpg,Over_Exposed,2480 AJD
car_196.jpg,KSA_License_Plate_Project/Gaussian_Blur/car_196.jpg,Gaussian_Blur,2015 ZHB
car_196.jpg,KSA_License_Plate_Project/Motion_Blur/car_196.jpg,Motion_Blur,2015 ZHB
car_196.jpg,KSA_License_Plate_Project/Dirty/car_196.jpg,Dirty,2015 ZHB
car_196.jpg,KSA_License_Plate_Project/Occlusion/car_196.jpg,Occlusion,2015 ZHB
car_196.jpg,KSA_License_Plate_Project/Rotation/car_196.jpg,Rotation,2015 ZHB
car_196.jpg,KSA_License_Plate_Project/Tilted/car_196.jpg,Tilted,2015 ZHB
car_196.jpg,KSA_License_Plate_Project/Low_Res/car_196.jpg,Low_Res,2015 ZHB
car_196.jpg,KSA_License_Plate_Project/Low_Light/car_196.jpg,Low_Light,2015 ZHB
car_196.jpg,KSA_License_Plate_Project/Over_Exposed/car_196.jpg,Over_Exposed,2015 ZHB
car_201.jpg,KSA_License_Plate_Project/Gaussian_Blur/car_201.jpg,Gaussian_Blur,6554 NEJ
car_201.jpg,KSA_License_Plate_Project/Motion_Blur/car_201.jpg,Motion_Blur,6554 NEJ
car_201.jpg,KSA_License_Plate_Project/Dirty/car_201.jpg,Dirty,6554 NEJ
car_201.jpg,KSA_License_Plate_Project/Occlusion/car_201.jpg,Occlusion,6554 NEJ
car_201.jpg,KSA_License_Plate_Project/Rotation/car_201.jpg,Rotation,6554 NEJ
car_201.jpg,KSA_License_Plate_Project/Tilted/car_201.jpg,Tilted,6554 NEJ
car_201.jpg,KSA_License_Plate_Project/Low_Res/car_201.jpg,Low_Res,6554 NEJ
car_201.jpg,KSA_License_Plate_Project/Low_Light/car_201.jpg,Low_Light,6554 NEJ
car_201.jpg,KSA_License_Plate_Project/Over_Exposed/car_201.jpg,Over_Exposed,6554 NEJ
car_203.jpg,KSA_License_Plate_Project/Gaussian_Blur/car_203.jpg,Gaussian_Blur,8032 BRJ
car_203.jpg,KSA_License_Plate_Project/Motion_Blur/car_203.jpg,Motion_Blur,8032 BRJ
car_203.jpg,KSA_License_Plate_Project/Dirty/car_203.jpg,Dirty,8032 BRJ
car_203.jpg,KSA_License_Plate_Project/Occlusion/car_203.jpg,Occlusion,8032 BRJ
car_203.jpg,KSA_License_Plate_Project/Rotation/car_203.jpg,Rotation,8032 BRJ
car_203.jpg,KSA_License_Plate_Project/Tilted/car_203.jpg,Tilted,8032 BRJ
car_203.jpg,KSA_License_Plate_Project/Low_Res/car_203.jpg,Low_Res,8032 BRJ
car_203.jpg,KSA_License_Plate_Project/Low_Light/car_203.jpg,Low_Light,8032 BRJ
car_203.jpg,KSA_License_Plate_Project/Over_Exposed/car_203.jpg,Over_Exposed,8032 BRJ
car_220.jpg,KSA_License_Plate_Project/Gaussian_Blur/car_220.jpg,Gaussian_Blur,9421 DED
car_220.jpg,KSA_License_Plate_Project/Motion_Blur/car_220.jpg,Motion_Blur,9421 DED
car_220.jpg,KSA_License_Plate_Project/Dirty/car_220.jpg,Dirty,9421 DED
car_220.jpg,KSA_License_Plate_Project/Occlusion/car_220.jpg,Occlusion,9421 DED
car_220.jpg,KSA_License_Plate_Project/Rotation/car_220.jpg,Rotation,9421 DED
car_220.jpg,KSA_License_Plate_Project/Tilted/car_220.jpg,Tilted,9421 DED
car_220.jpg,KSA_License_Plate_Project/Low_Res/car_220.jpg,Low_Res,9421 DED
car_220.jpg,KSA_License_Plate_Project/Low_Light/car_220.jpg,Low_Light,9421 DED
car_220.jpg,KSA_License_Plate_Project/Over_Exposed/car_220.jpg,Over_Exposed,9421 DED
car_190.jpg,KSA_License_Plate_Project/Gaussian_Blur/car_190.jpg,Gaussian_Blur,4601 KEJ
car_190.jpg,KSA_License_Plate_Project/Motion_Blur/car_190.jpg,Motion_Blur,4601 KEJ
car_190.jpg,KSA_License_Plate_Project/Dirty/car_190.jpg,Dirty,4601 KEJ
car_190.jpg,KSA_License_Plate_Project/Occlusion/car_190.jpg,Occlusion,4601 KEJ
car_190.jpg,KSA_License_Plate_Project/Rotation/car_190.jpg,Rotation,4601 KEJ
car_190.jpg,KSA_License_Plate_Project/Tilted/car_190.jpg,Tilted,4601 KEJ
car_190.jpg,KSA_License_Plate_Project/Low_Res/car_190.jpg,Low_Res,4601 KEJ
car_190.jpg,KSA_License_Plate_Project/Low_Light/car_190.jpg,Low_Light,4601 KEJ
car_190.jpg,KSA_License_Plate_Project/Over_Exposed/car_190.jpg,Over_Exposed,4601 KEJ
car_173.jpg,KSA_License_Plate_Project/Gaussian_Blur/car_173.jpg,Gaussian_Blur,3479 ZKB
car_173.jpg,KSA_License_Plate_Project/Motion_Blur/car_173.jpg,Motion_Blur,3479 ZKB
car_173.jpg,KSA_License_Plate_Project/Dirty/car_173.jpg,Dirty,3479 ZKB
car_173.jpg,KSA_License_Plate_Project/Occlusion/car_173.jpg,Occlusion,3479 ZKB
car_173.jpg,KSA_License_Plate_Project/Rotation/car_173.jpg,Rotation,3479 ZKB
car_173.jpg,KSA_License_Plate_Project/Tilted/car_173.jpg,Tilted,3479 ZKB
car_173.jpg,KSA_License_Plate_Project/Low_Res/car_173.jpg,Low_Res,3479 ZKB
car_173.jpg,KSA_License_Plate_Project/Low_Light/car_173.jpg,Low_Light,3479 ZKB
car_173.jpg,KSA_License_Plate_Project/Over_Exposed/car_173.jpg,Over_Exposed,3479 ZKB
car_180.jpg,KSA_License_Plate_Project/Gaussian_Blur/car_180.jpg,Gaussian_Blur,2520 AGJ
car_180.jpg,KSA_License_Plate_Project/Motion_Blur/car_180.jpg,Motion_Blur,2520 AGJ
car_180.jpg,KSA_License_Plate_Project/Dirty/car_180.jpg,Dirty,2520 AGJ
car_180.jpg,KSA_License_Plate_Project/Occlusion/car_180.jpg,Occlusion,2520 AGJ
car_180.jpg,KSA_License_Plate_Project/Rotation/car_180.jpg,Rotation,2520 AGJ
car_180.jpg,KSA_License_Plate_Project/Tilted/car_180.jpg,Tilted,2520 AGJ
car_180.jpg,KSA_License_Plate_Project/Low_Res/car_180.jpg,Low_Res,2520 AGJ
car_180.jpg,KSA_License_Plate_Project/Low_Light/car_180.jpg,Low_Light,2520 AGJ
car_180.jpg,KSA_License_Plate_Project/Over_Exposed/car_180.jpg,Over_Exposed,2520 AGJ
car_194.jpg,KSA_License_Plate_Project/Gaussian_Blur/car_194.jpg,Gaussian_Blur,2217 NAB
car_194.jpg,KSA_License_Plate_Project/Motion_Blur/car_194.jpg,Motion_Blur,2217 NAB
car_194.jpg,KSA_License_Plate_Project/Dirty/car_194.jpg,Dirty,2217 NAB
car_194.jpg,KSA_License_Plate_Project/Occlusion/car_194.jpg,Occlusion,2217 NAB
car_194.jpg,KSA_License_Plate_Project/Rotation/car_194.jpg,Rotation,2217 NAB
car_194.jpg,KSA_License_Plate_Project/Tilted/car_194.jpg,Tilted,2217 NAB
car_194.jpg,KSA_License_Plate_Project/Low_Res/car_194.jpg,Low_Res,2217 NAB
car_194.jpg,KSA_License_Plate_Project/Low_Light/car_194.jpg,Low_Light,2217 NAB
car_194.jpg,KSA_License_Plate_Project/Over_Exposed/car_194.jpg,Over_Exposed,2217 NAB
car_209.jpg,KSA_License_Plate_Project/Gaussian_Blur/car_209.jpg,Gaussian_Blur,3732 VEA
car_209.jpg,KSA_License_Plate_Project/Motion_Blur/car_209.jpg,Motion_Blur,3732 VEA
car_209.jpg,KSA_License_Plate_Project/Dirty/car_209.jpg,Dirty,3732 VEA
car_209.jpg,KSA_License_Plate_Project/Occlusion/car_209.jpg,Occlusion,3732 VEA
car_209.jpg,KSA_License_Plate_Project/Rotation/car_209.jpg,Rotation,3732 VEA
car_209.jpg,KSA_License_Plate_Project/Tilted/car_209.jpg,Tilted,3732 VEA
car_209.jpg,KSA_License_Plate_Project/Low_Res/car_209.jpg,Low_Res,3732 VEA
car_209.jpg,KSA_License_Plate_Project/Low_Light/car_209.jpg,Low_Light,3732 VEA
car_209.jpg,KSA_License_Plate_Project/Over_Exposed/car_209.jpg,Over_Exposed,3732 VEA
car_183.jpg,KSA_License_Plate_Project/Gaussian_Blur/car_183.jpg,Gaussian_Blur,5372 GUJ
car_183.jpg,KSA_License_Plate_Project/Motion_Blur/car_183.jpg,Motion_Blur,5372 GUJ
car_183.jpg,KSA_License_Plate_Project/Dirty/car_183.jpg,Dirty,5372 GUJ
car_183.jpg,KSA_License_Plate_Project/Occlusion/car_183.jpg,Occlusion,5372 GUJ
car_183.jpg,KSA_License_Plate_Project/Rotation/car_183.jpg,Rotation,5372 GUJ
car_183.jpg,KSA_License_Plate_Project/Tilted/car_183.jpg,Tilted,5372 GUJ
car_183.jpg,KSA_License_Plate_Project/Low_Res/car_183.jpg,Low_Res,5372 GUJ
car_183.jpg,KSA_License_Plate_Project/Low_Light/car_183.jpg,Low_Light,5372 GUJ
car_183.jpg,KSA_License_Plate_Project/Over_Exposed/car_183.jpg,Over_Exposed,5372 GUJ
car_184.jpg,KSA_License_Plate_Project/Gaussian_Blur/car_184.jpg,Gaussian_Blur,7005 LLA
car_184.jpg,KSA_License_Plate_Project/Motion_Blur/car_184.jpg,Motion_Blur,7005 LLA
car_184.jpg,KSA_License_Plate_Project/Dirty/car_184.jpg,Dirty,7005 LLA
car_184.jpg,KSA_License_Plate_Project/Occlusion/car_184.jpg,Occlusion,7005 LLA
car_184.jpg,KSA_License_Plate_Project/Rotation/car_184.jpg,Rotation,7005 LLA
car_184.jpg,KSA_License_Plate_Project/Tilted/car_184.jpg,Tilted,7005 LLA
car_184.jpg,KSA_License_Plate_Project/Low_Res/car_184.jpg,Low_Res,7005 LLA
car_184.jpg,KSA_License_Plate_Project/Low_Light/car_184.jpg,Low_Light,7005 LLA
car_184.jpg,KSA_License_Plate_Project/Over_Exposed/car_184.jpg,Over_Exposed,7005 LLA
car_364.jpg,KSA_License_Plate_Project/Gaussian_Blur/car_364.jpg,Gaussian_Blur,3190 TNJ
car_364.jpg,KSA_License_Plate_Project/Motion_Blur/car_364.jpg,Motion_Blur,3190 TNJ
car_364.jpg,KSA_License_Plate_Project/Dirty/car_364.jpg,Dirty,3190 TNJ
car_364.jpg,KSA_License_Plate_Project/Occlusion/car_364.jpg,Occlusion,3190 TNJ
car_364.jpg,KSA_License_Plate_Project/Rotation/car_364.jpg,Rotation,3190 TNJ
car_364.jpg,KSA_License_Plate_Project/Tilted/car_364.jpg,Tilted,3190 TNJ
car_364.jpg,KSA_License_Plate_Project/Low_Res/car_364.jpg,Low_Res,3190 TNJ
car_364.jpg,KSA_License_Plate_Project/Low_Light/car_364.jpg,Low_Light,3190 TNJ
car_364.jpg,KSA_License_Plate_Project/Over_Exposed/car_364.jpg,Over_Exposed,3190 TNJ
car_366.jpg,KSA_License_Plate_Project/Gaussian_Blur/car_366.jpg,Gaussian_Blur,5540 DGB
car_366.jpg,KSA_License_Plate_Project/Motion_Blur/car_366.jpg,Motion_Blur,5540 DGB
car_366.jpg,KSA_License_Plate_Project/Dirty/car_366.jpg,Dirty,5540 DGB
car_366.jpg,KSA_License_Plate_Project/Occlusion/car_366.jpg,Occlusion,5540 DGB
car_366.jpg,KSA_License_Plate_Project/Rotation/car_366.jpg,Rotation,5540 DGB
car_366.jpg,KSA_License_Plate_Project/Tilted/car_366.jpg,Tilted,5540 DGB
car_366.jpg,KSA_License_Plate_Project/Low_Res/car_366.jpg,Low_Res,5540 DGB
car_366.jpg,KSA_License_Plate_Project/Low_Light/car_366.jpg,Low_Light,5540 DGB
car_366.jpg,KSA_License_Plate_Project/Over_Exposed/car_366.jpg,Over_Exposed,5540 DGB
car_172.jpg,KSA_License_Plate_Project/Gaussian_Blur/car_172.jpg,Gaussian_Blur,6531 UJD
car_172.jpg,KSA_License_Plate_Project/Motion_Blur/car_172.jpg,Motion_Blur,6531 UJD
car_172.jpg,KSA_License_Plate_Project/Dirty/car_172.jpg,Dirty,6531 UJD
car_172.jpg,KSA_License_Plate_Project/Occlusion/car_172.jpg,Occlusion,6531 UJD
car_172.jpg,KSA_License_Plate_Project/Rotation/car_172.jpg,Rotation,6531 UJD
car_172.jpg,KSA_License_Plate_Project/Tilted/car_172.jpg,Tilted,6531 UJD
car_172.jpg,KSA_License_Plate_Project/Low_Res/car_172.jpg,Low_Res,6531 UJD
car_172.jpg,KSA_License_Plate_Project/Low_Light/car_172.jpg,Low_Light,6531 UJD
car_172.jpg,KSA_License_Plate_Project/Over_Exposed/car_172.jpg,Over_Exposed,6531 UJD
car_222.jpg,KSA_License_Plate_Project/Gaussian_Blur/car_222.jpg,Gaussian_Blur,4552 HJA
car_222.jpg,KSA_License_Plate_Project/Motion_Blur/car_222.jpg,Motion_Blur,4552 HJA
car_222.jpg,KSA_License_Plate_Project/Dirty/car_222.jpg,Dirty,4552 HJA
car_222.jpg,KSA_License_Plate_Project/Occlusion/car_222.jpg,Occlusion,4552 HJA
car_222.jpg,KSA_License_Plate_Project/Rotation/car_222.jpg,Rotation,4552 HJA
car_222.jpg,KSA_License_Plate_Project/Tilted/car_222.jpg,Tilted,4552 HJA
car_222.jpg,KSA_License_Plate_Project/Low_Res/car_222.jpg,Low_Res,4552 HJA
car_222.jpg,KSA_License_Plate_Project/Low_Light/car_222.jpg,Low_Light,4552 HJA
car_222.jpg,KSA_License_Plate_Project/Over_Exposed/car_222.jpg,Over_Exposed,4552 HJA
car_213.jpg,KSA_License_Plate_Project/Gaussian_Blur/car_213.jpg,Gaussian_Blur,6443 AZD
car_213.jpg,KSA_License_Plate_Project/Motion_Blur/car_213.jpg,Motion_Blur,6443 AZD
car_213.jpg,KSA_License_Plate_Project/Dirty/car_213.jpg,Dirty,6443 AZD
car_213.jpg,KSA_License_Plate_Project/Occlusion/car_213.jpg,Occlusion,6443 AZD
car_213.jpg,KSA_License_Plate_Project/Rotation/car_213.jpg,Rotation,6443 AZD
car_213.jpg,KSA_License_Plate_Project/Tilted/car_213.jpg,Tilted,6443 AZD
car_213.jpg,KSA_License_Plate_Project/Low_Res/car_213.jpg,Low_Res,6443 AZD
car_213.jpg,KSA_License_Plate_Project/Low_Light/car_213.jpg,Low_Light,6443 AZD
car_213.jpg,KSA_License_Plate_Project/Over_Exposed/car_213.jpg,Over_Exposed,6443 AZD
car_182.jpg,KSA_License_Plate_Project/Gaussian_Blur/car_182.jpg,Gaussian_Blur,4397 ZZB
car_182.jpg,KSA_License_Plate_Project/Motion_Blur/car_182.jpg,Motion_Blur,4397 ZZB
car_182.jpg,KSA_License_Plate_Project/Dirty/car_182.jpg,Dirty,4397 ZZB
car_182.jpg,KSA_License_Plate_Project/Occlusion/car_182.jpg,Occlusion,4397 ZZB
car_182.jpg,KSA_License_Plate_Project/Rotation/car_182.jpg,Rotation,4397 ZZB
car_182.jpg,KSA_License_Plate_Project/Tilted/car_182.jpg,Tilted,4397 ZZB
car_182.jpg,KSA_License_Plate_Project/Low_Res/car_182.jpg,Low_Res,4397 ZZB
car_182.jpg,KSA_License_Plate_Project/Low_Light/car_182.jpg,Low_Light,4397 ZZB
car_182.jpg,KSA_License_Plate_Project/Over_Exposed/car_182.jpg,Over_Exposed,4397 ZZB
car_221.jpg,KSA_License_Plate_Project/Gaussian_Blur/car_221.jpg,Gaussian_Blur,1091 GUJ
car_221.jpg,KSA_License_Plate_Project/Motion_Blur/car_221.jpg,Motion_Blur,1091 GUJ
car_221.jpg,KSA_License_Plate_Project/Dirty/car_221.jpg,Dirty,1091 GUJ
car_221.jpg,KSA_License_Plate_Project/Occlusion/car_221.jpg,Occlusion,1091 GUJ
car_221.jpg,KSA_License_Plate_Project/Rotation/car_221.jpg,Rotation,1091 GUJ
car_221.jpg,KSA_License_Plate_Project/Tilted/car_221.jpg,Tilted,1091 GUJ
car_221.jpg,KSA_License_Plate_Project/Low_Res/car_221.jpg,Low_Res,1091 GUJ
car_221.jpg,KSA_License_Plate_Project/Low_Light/car_221.jpg,Low_Light,1091 GUJ
car_221.jpg,KSA_License_Plate_Project/Over_Exposed/car_221.jpg,Over_Exposed,1091 GUJ
car_186.jpg,KSA_License_Plate_Project/Gaussian_Blur/car_186.jpg,Gaussian_Blur,8198 TTJ
car_186.jpg,KSA_License_Plate_Project/Motion_Blur/car_186.jpg,Motion_Blur,8198 TTJ
car_186.jpg,KSA_License_Plate_Project/Dirty/car_186.jpg,Dirty,8198 TTJ
car_186.jpg,KSA_License_Plate_Project/Occlusion/car_186.jpg,Occlusion,8198 TTJ
car_186.jpg,KSA_License_Plate_Project/Rotation/car_186.jpg,Rotation,8198 TTJ
car_186.jpg,KSA_License_Plate_Project/Tilted/car_186.jpg,Tilted,8198 TTJ
car_186.jpg,KSA_License_Plate_Project/Low_Res/car_186.jpg,Low_Res,8198 TTJ
car_186.jpg,KSA_License_Plate_Project/Low_Light/car_186.jpg,Low_Light,8198 TTJ
car_186.jpg,KSA_License_Plate_Project/Over_Exposed/car_186.jpg,Over_Exposed,8198 TTJ
car_219.jpg,KSA_License_Plate_Project/Gaussian_Blur/car_219.jpg,Gaussian_Blur,3234 NAD
car_219.jpg,KSA_License_Plate_Project/Motion_Blur/car_219.jpg,Motion_Blur,3234 NAD
car_219.jpg,KSA_License_Plate_Project/Dirty/car_219.jpg,Dirty,3234 NAD
car_219.jpg,KSA_License_Plate_Project/Occlusion/car_219.jpg,Occlusion,3234 NAD
car_219.jpg,KSA_License_Plate_Project/Rotation/car_219.jpg,Rotation,3234 NAD
car_219.jpg,KSA_License_Plate_Project/Tilted/car_219.jpg,Tilted,3234 NAD
car_219.jpg,KSA_License_Plate_Project/Low_Res/car_219.jpg,Low_Res,3234 NAD
car_219.jpg,KSA_License_Plate_Project/Low_Light/car_219.jpg,Low_Light,3234 NAD
car_219.jpg,KSA_License_Plate_Project/Over_Exposed/car_219.jpg,Over_Exposed,3234 NAD
car_195.jpg,KSA_License_Plate_Project/Gaussian_Blur/car_195.jpg,Gaussian_Blur,7620 LXA
car_195.jpg,KSA_License_Plate_Project/Motion_Blur/car_195.jpg,Motion_Blur,7620 LXA
car_195.jpg,KSA_License_Plate_Project/Dirty/car_195.jpg,Dirty,7620 LXA
car_195.jpg,KSA_License_Plate_Project/Occlusion/car_195.jpg,Occlusion,7620 LXA
car_195.jpg,KSA_License_Plate_Project/Rotation/car_195.jpg,Rotation,7620 LXA
car_195.jpg,KSA_License_Plate_Project/Tilted/car_195.jpg,Tilted,7620 LXA
car_195.jpg,KSA_License_Plate_Project/Low_Res/car_195.jpg,Low_Res,7620 LXA
car_195.jpg,KSA_License_Plate_Project/Low_Light/car_195.jpg,Low_Light,7620 LXA
car_195.jpg,KSA_License_Plate_Project/Over_Exposed/car_195.jpg,Over_Exposed,7620 LXA
car_185.jpg,KSA_License_Plate_Project/Gaussian_Blur/car_185.jpg,Gaussian_Blur,6734 BKA
car_185.jpg,KSA_License_Plate_Project/Motion_Blur/car_185.jpg,Motion_Blur,6734 BKA
car_185.jpg,KSA_License_Plate_Project/Dirty/car_185.jpg,Dirty,6734 BKA
car_185.jpg,KSA_License_Plate_Project/Occlusion/car_185.jpg,Occlusion,6734 BKA
car_185.jpg,KSA_License_Plate_Project/Rotation/car_185.jpg,Rotation,6734 BKA
car_185.jpg,KSA_License_Plate_Project/Tilted/car_185.jpg,Tilted,6734 BKA
car_185.jpg,KSA_License_Plate_Project/Low_Res/car_185.jpg,Low_Res,6734 BKA
car_185.jpg,KSA_License_Plate_Project/Low_Light/car_185.jpg,Low_Light,6734 BKA
car_185.jpg,KSA_License_Plate_Project/Over_Exposed/car_185.jpg,Over_Exposed,6734 BKA
car_226.jpg,KSA_License_Plate_Project/Gaussian_Blur/car_226.jpg,Gaussian_Blur,458 EBS
car_226.jpg,KSA_License_Plate_Project/Motion_Blur/car_226.jpg,Motion_Blur,458 EBS
car_226.jpg,KSA_License_Plate_Project/Dirty/car_226.jpg,Dirty,458 EBS
car_226.jpg,KSA_License_Plate_Project/Occlusion/car_226.jpg,Occlusion,458 EBS
car_226.jpg,KSA_License_Plate_Project/Rotation/car_226.jpg,Rotation,458 EBS
car_226.jpg,KSA_License_Plate_Project/Tilted/car_226.jpg,Tilted,458 EBS
car_226.jpg,KSA_License_Plate_Project/Low_Res/car_226.jpg,Low_Res,458 EBS
car_226.jpg,KSA_License_Plate_Project/Low_Light/car_226.jpg,Low_Light,458 EBS
car_226.jpg,KSA_License_Plate_Project/Over_Exposed/car_226.jpg,Over_Exposed,458 EBS
car_207.jpg,KSA_License_Plate_Project/Gaussian_Blur/car_207.jpg,Gaussian_Blur,7949 BZJ
car_207.jpg,KSA_License_Plate_Project/Motion_Blur/car_207.jpg,Motion_Blur,7949 BZJ
car_207.jpg,KSA_License_Plate_Project/Dirty/car_207.jpg,Dirty,7949 BZJ
car_207.jpg,KSA_License_Plate_Project/Occlusion/car_207.jpg,Occlusion,7949 BZJ
car_207.jpg,KSA_License_Plate_Project/Rotation/car_207.jpg,Rotation,7949 BZJ
car_207.jpg,KSA_License_Plate_Project/Tilted/car_207.jpg,Tilted,7949 BZJ
car_207.jpg,KSA_License_Plate_Project/Low_Res/car_207.jpg,Low_Res,7949 BZJ
car_207.jpg,KSA_License_Plate_Project/Low_Light/car_207.jpg,Low_Light,7949 BZJ
car_207.jpg,KSA_License_Plate_Project/Over_Exposed/car_207.jpg,Over_Exposed,7949 BZJ
car_227.jpg,KSA_License_Plate_Project/Gaussian_Blur/car_227.jpg,Gaussian_Blur,111 HHH
car_227.jpg,KSA_License_Plate_Project/Motion_Blur/car_227.jpg,Motion_Blur,111 HHH
car_227.jpg,KSA_License_Plate_Project/Dirty/car_227.jpg,Dirty,111 HHH
car_227.jpg,KSA_License_Plate_Project/Occlusion/car_227.jpg,Occlusion,111 HHH
car_227.jpg,KSA_License_Plate_Project/Rotation/car_227.jpg,Rotation,111 HHH
car_227.jpg,KSA_License_Plate_Project/Tilted/car_227.jpg,Tilted,111 HHH
car_227.jpg,KSA_License_Plate_Project/Low_Res/car_227.jpg,Low_Res,111 HHH
car_227.jpg,KSA_License_Plate_Project/Low_Light/car_227.jpg,Low_Light,111 HHH
car_227.jpg,KSA_License_Plate_Project/Over_Exposed/car_227.jpg,Over_Exposed,111 HHH
car_214.jpg,KSA_License_Plate_Project/Gaussian_Blur/car_214.jpg,Gaussian_Blur,1209 GUJ
car_214.jpg,KSA_License_Plate_Project/Motion_Blur/car_214.jpg,Motion_Blur,1209 GUJ
car_214.jpg,KSA_License_Plate_Project/Dirty/car_214.jpg,Dirty,1209 GUJ
car_214.jpg,KSA_License_Plate_Project/Occlusion/car_214.jpg,Occlusion,1209 GUJ
car_214.jpg,KSA_License_Plate_Project/Rotation/car_214.jpg,Rotation,1209 GUJ
car_214.jpg,KSA_License_Plate_Project/Tilted/car_214.jpg,Tilted,1209 GUJ
car_214.jpg,KSA_License_Plate_Project/Low_Res/car_214.jpg,Low_Res,1209 GUJ
car_214.jpg,KSA_License_Plate_Project/Low_Light/car_214.jpg,Low_Light,1209 GUJ
car_214.jpg,KSA_License_Plate_Project/Over_Exposed/car_214.jpg,Over_Exposed,1209 GUJ
car_218.jpg,KSA_License_Plate_Project/Gaussian_Blur/car_218.jpg,Gaussian_Blur,1235 SVB
car_218.jpg,KSA_License_Plate_Project/Motion_Blur/car_218.jpg,Motion_Blur,1235 SVB
car_218.jpg,KSA_License_Plate_Project/Dirty/car_218.jpg,Dirty,1235 SVB
car_218.jpg,KSA_License_Plate_Project/Occlusion/car_218.jpg,Occlusion,1235 SVB
car_218.jpg,KSA_License_Plate_Project/Rotation/car_218.jpg,Rotation,1235 SVB
car_218.jpg,KSA_License_Plate_Project/Tilted/car_218.jpg,Tilted,1235 SVB
car_218.jpg,KSA_License_Plate_Project/Low_Res/car_218.jpg,Low_Res,1235 SVB
car_218.jpg,KSA_License_Plate_Project/Low_Light/car_218.jpg,Low_Light,1235 SVB
car_218.jpg,KSA_License_Plate_Project/Over_Exposed/car_218.jpg,Over_Exposed,1235 SVB
car_192.jpg,KSA_License_Plate_Project/Gaussian_Blur/car_192.jpg,Gaussian_Blur,3382 ETD
car_192.jpg,KSA_License_Plate_Project/Motion_Blur/car_192.jpg,Motion_Blur,3382 ETD
car_192.jpg,KSA_License_Plate_Project/Dirty/car_192.jpg,Dirty,3382 ETD
car_192.jpg,KSA_License_Plate_Project/Occlusion/car_192.jpg,Occlusion,3382 ETD
car_192.jpg,KSA_License_Plate_Project/Rotation/car_192.jpg,Rotation,3382 ETD
car_192.jpg,KSA_License_Plate_Project/Tilted/car_192.jpg,Tilted,3382 ETD
car_192.jpg,KSA_License_Plate_Project/Low_Res/car_192.jpg,Low_Res,3382 ETD
car_192.jpg,KSA_License_Plate_Project/Low_Light/car_192.jpg,Low_Light,3382 ETD
car_192.jpg,KSA_License_Plate_Project/Over_Exposed/car_192.jpg,Over_Exposed,3382 ETD
car_362.jpg,KSA_License_Plate_Project/Gaussian_Blur/car_362.jpg,Gaussian_Blur,2939 NAJ
car_362.jpg,KSA_License_Plate_Project/Motion_Blur/car_362.jpg,Motion_Blur,2939 NAJ
car_362.jpg,KSA_License_Plate_Project/Dirty/car_362.jpg,Dirty,2939 NAJ
car_362.jpg,KSA_License_Plate_Project/Occlusion/car_362.jpg,Occlusion,2939 NAJ
car_362.jpg,KSA_License_Plate_Project/Rotation/car_362.jpg,Rotation,2939 NAJ
car_362.jpg,KSA_License_Plate_Project/Tilted/car_362.jpg,Tilted,2939 NAJ
car_362.jpg,KSA_License_Plate_Project/Low_Res/car_362.jpg,Low_Res,2939 NAJ
car_362.jpg,KSA_License_Plate_Project/Low_Light/car_362.jpg,Low_Light,2939 NAJ
car_362.jpg,KSA_License_Plate_Project/Over_Exposed/car_362.jpg,Over_Exposed,2939 NAJ
car_197.jpg,KSA_License_Plate_Project/Gaussian_Blur/car_197.jpg,Gaussian_Blur,8928 VBD
car_197.jpg,KSA_License_Plate_Project/Motion_Blur/car_197.jpg,Motion_Blur,8928 VBD
car_197.jpg,KSA_License_Plate_Project/Dirty/car_197.jpg,Dirty,8928 VBD
car_197.jpg,KSA_License_Plate_Project/Occlusion/car_197.jpg,Occlusion,8928 VBD
car_197.jpg,KSA_License_Plate_Project/Rotation/car_197.jpg,Rotation,8928 VBD
car_197.jpg,KSA_License_Plate_Project/Tilted/car_197.jpg,Tilted,8928 VBD
car_197.jpg,KSA_License_Plate_Project/Low_Res/car_197.jpg,Low_Res,8928 VBD
car_197.jpg,KSA_License_Plate_Project/Low_Light/car_197.jpg,Low_Light,8928 VBD
car_197.jpg,KSA_License_Plate_Project/Over_Exposed/car_197.jpg,Over_Exposed,8928 VBD
car_225.jpg,KSA_License_Plate_Project/Gaussian_Blur/car_225.jpg,Gaussian_Blur,1 BHV
car_225.jpg,KSA_License_Plate_Project/Motion_Blur/car_225.jpg,Motion_Blur,1 BHV
car_225.jpg,KSA_License_Plate_Project/Dirty/car_225.jpg,Dirty,1 BHV
car_225.jpg,KSA_License_Plate_Project/Occlusion/car_225.jpg,Occlusion,1 BHV
car_225.jpg,KSA_License_Plate_Project/Rotation/car_225.jpg,Rotation,1 BHV
car_225.jpg,KSA_License_Plate_Project/Tilted/car_225.jpg,Tilted,1 BHV
car_225.jpg,KSA_License_Plate_Project/Low_Res/car_225.jpg,Low_Res,1 BHV
car_225.jpg,KSA_License_Plate_Project/Low_Light/car_225.jpg,Low_Light,1 BHV
car_225.jpg,KSA_License_Plate_Project/Over_Exposed/car_225.jpg,Over_Exposed,1 BHV
car_202.jpg,KSA_License_Plate_Project/Gaussian_Blur/car_202.jpg,Gaussian_Blur,4009 LBJ
car_202.jpg,KSA_License_Plate_Project/Motion_Blur/car_202.jpg,Motion_Blur,4009 LBJ
car_202.jpg,KSA_License_Plate_Project/Dirty/car_202.jpg,Dirty,4009 LBJ
car_202.jpg,KSA_License_Plate_Project/Occlusion/car_202.jpg,Occlusion,4009 LBJ
car_202.jpg,KSA_License_Plate_Project/Rotation/car_202.jpg,Rotation,4009 LBJ
car_202.jpg,KSA_License_Plate_Project/Tilted/car_202.jpg,Tilted,4009 LBJ
car_202.jpg,KSA_License_Plate_Project/Low_Res/car_202.jpg,Low_Res,4009 LBJ
car_202.jpg,KSA_License_Plate_Project/Low_Light/car_202.jpg,Low_Light,4009 LBJ
car_202.jpg,KSA_License_Plate_Project/Over_Exposed/car_202.jpg,Over_Exposed,4009 LBJ
car_208.jpg,KSA_License_Plate_Project/Gaussian_Blur/car_208.jpg,Gaussian_Blur,3769 UKJ 
car_208.jpg,KSA_License_Plate_Project/Motion_Blur/car_208.jpg,Motion_Blur,3769 UKJ 
car_208.jpg,KSA_License_Plate_Project/Dirty/car_208.jpg,Dirty,3769 UKJ 
car_208.jpg,KSA_License_Plate_Project/Occlusion/car_208.jpg,Occlusion,3769 UKJ 
car_208.jpg,KSA_License_Plate_Project/Rotation/car_208.jpg,Rotation,3769 UKJ 
car_208.jpg,KSA_License_Plate_Project/Tilted/car_208.jpg,Tilted,3769 UKJ 
car_208.jpg,KSA_License_Plate_Project/Low_Res/car_208.jpg,Low_Res,3769 UKJ 
car_208.jpg,KSA_License_Plate_Project/Low_Light/car_208.jpg,Low_Light,3769 UKJ 
car_208.jpg,KSA_License_Plate_Project/Over_Exposed/car_208.jpg,Over_Exposed,3769 UKJ 
car_175.jpg,KSA_License_Plate_Project/Gaussian_Blur/car_175.jpg,Gaussian_Blur,6146 BHA 
car_175.jpg,KSA_License_Plate_Project/Motion_Blur/car_175.jpg,Motion_Blur,6146 BHA 
car_175.jpg,KSA_License_Plate_Project/Dirty/car_175.jpg,Dirty,6146 BHA 
car_175.jpg,KSA_License_Plate_Project/Occlusion/car_175.jpg,Occlusion,6146 BHA 
car_175.jpg,KSA_License_Plate_Project/Rotation/car_175.jpg,Rotation,6146 BHA 
car_175.jpg,KSA_License_Plate_Project/Tilted/car_175.jpg,Tilted,6146 BHA 
car_175.jpg,KSA_License_Plate_Project/Low_Res/car_175.jpg,Low_Res,6146 BHA 
car_175.jpg,KSA_License_Plate_Project/Low_Light/car_175.jpg,Low_Light,6146 BHA 
car_175.jpg,KSA_License_Plate_Project/Over_Exposed/car_175.jpg,Over_Exposed,6146 BHA 
car_187.jpg,KSA_License_Plate_Project/Gaussian_Blur/car_187.jpg,Gaussian_Blur,3949 BSJ 
car_187.jpg,KSA_License_Plate_Project/Motion_Blur/car_187.jpg,Motion_Blur,3949 BSJ 
car_187.jpg,KSA_License_Plate_Project/Dirty/car_187.jpg,Dirty,3949 BSJ 
car_187.jpg,KSA_License_Plate_Project/Occlusion/car_187.jpg,Occlusion,3949 BSJ 
car_187.jpg,KSA_License_Plate_Project/Rotation/car_187.jpg,Rotation,3949 BSJ 
car_187.jpg,KSA_License_Plate_Project/Tilted/car_187.jpg,Tilted,3949 BSJ 
car_187.jpg,KSA_License_Plate_Project/Low_Res/car_187.jpg,Low_Res,3949 BSJ 
car_187.jpg,KSA_License_Plate_Project/Low_Light/car_187.jpg,Low_Light,3949 BSJ 
car_187.jpg,KSA_License_Plate_Project/Over_Exposed/car_187.jpg,Over_Exposed,3949 BSJ 
car_211.jpg,KSA_License_Plate_Project/Gaussian_Blur/car_211.jpg,Gaussian_Blur,3903 BSJ 
car_211.jpg,KSA_License_Plate_Project/Motion_Blur/car_211.jpg,Motion_Blur,3903 BSJ 
car_211.jpg,KSA_License_Plate_Project/Dirty/car_211.jpg,Dirty,3903 BSJ 
car_211.jpg,KSA_License_Plate_Project/Occlusion/car_211.jpg,Occlusion,3903 BSJ 
car_211.jpg,KSA_License_Plate_Project/Rotation/car_211.jpg,Rotation,3903 BSJ 
car_211.jpg,KSA_License_Plate_Project/Tilted/car_211.jpg,Tilted,3903 BSJ 
car_211.jpg,KSA_License_Plate_Project/Low_Res/car_211.jpg,Low_Res,3903 BSJ 
car_211.jpg,KSA_License_Plate_Project/Low_Light/car_211.jpg,Low_Light,3903 BSJ 
car_211.jpg,KSA_License_Plate_Project/Over_Exposed/car_211.jpg,Over_Exposed,3903 BSJ 
car_174.jpg,KSA_License_Plate_Project/Gaussian_Blur/car_174.jpg,Gaussian_Blur,8492 BHA 
car_174.jpg,KSA_License_Plate_Project/Motion_Blur/car_174.jpg,Motion_Blur,8492 BHA 
car_174.jpg,KSA_License_Plate_Project/Dirty/car_174.jpg,Dirty,8492 BHA 
car_174.jpg,KSA_License_Plate_Project/Occlusion/car_174.jpg,Occlusion,8492 BHA 
car_174.jpg,KSA_License_Plate_Project/Rotation/car_174.jpg,Rotation,8492 BHA 
car_174.jpg,KSA_License_Plate_Project/Tilted/car_174.jpg,Tilted,8492 BHA 
car_174.jpg,KSA_License_Plate_Project/Low_Res/car_174.jpg,Low_Res,8492 BHA 
car_174.jpg,KSA_License_Plate_Project/Low_Light/car_174.jpg,Low_Light,8492 BHA 
car_174.jpg,KSA_License_Plate_Project/Over_Exposed/car_174.jpg,Over_Exposed,8492 BHA 
car_191.jpg,KSA_License_Plate_Project/Gaussian_Blur/car_191.jpg,Gaussian_Blur,4682 VKD 
car_191.jpg,KSA_License_Plate_Project/Motion_Blur/car_191.jpg,Motion_Blur,4682 VKD 
car_191.jpg,KSA_License_Plate_Project/Dirty/car_191.jpg,Dirty,4682 VKD 
car_191.jpg,KSA_License_Plate_Project/Occlusion/car_191.jpg,Occlusion,4682 VKD 
car_191.jpg,KSA_License_Plate_Project/Rotation/car_191.jpg,Rotation,4682 VKD 
car_191.jpg,KSA_License_Plate_Project/Tilted/car_191.jpg,Tilted,4682 VKD 
car_191.jpg,KSA_License_Plate_Project/Low_Res/car_191.jpg,Low_Res,4682 VKD 
car_191.jpg,KSA_License_Plate_Project/Low_Light/car_191.jpg,Low_Light,4682 VKD 
car_191.jpg,KSA_License_Plate_Project/Over_Exposed/car_191.jpg,Over_Exposed,4682 VKD 
car_205.jpg,KSA_License_Plate_Project/Gaussian_Blur/car_205.jpg,Gaussian_Blur,8597 UXD 
car_205.jpg,KSA_License_Plate_Project/Motion_Blur/car_205.jpg,Motion_Blur,8597 UXD 
car_205.jpg,KSA_License_Plate_Project/Dirty/car_205.jpg,Dirty,8597 UXD 
car_205.jpg,KSA_License_Plate_Project/Occlusion/car_205.jpg,Occlusion,8597 UXD 
car_205.jpg,KSA_License_Plate_Project/Rotation/car_205.jpg,Rotation,8597 UXD 
car_205.jpg,KSA_License_Plate_Project/Tilted/car_205.jpg,Tilted,8597 UXD 
car_205.jpg,KSA_License_Plate_Project/Low_Res/car_205.jpg,Low_Res,8597 UXD 
car_205.jpg,KSA_License_Plate_Project/Low_Light/car_205.jpg,Low_Light,8597 UXD 
car_205.jpg,KSA_License_Plate_Project/Over_Exposed/car_205.jpg,Over_Exposed,8597 UXD 
car_176.jpg,KSA_License_Plate_Project/Gaussian_Blur/car_176.jpg,Gaussian_Blur,4062 VTJ 
car_176.jpg,KSA_License_Plate_Project/Motion_Blur/car_176.jpg,Motion_Blur,4062 VTJ 
car_176.jpg,KSA_License_Plate_Project/Dirty/car_176.jpg,Dirty,4062 VTJ 
car_176.jpg,KSA_License_Plate_Project/Occlusion/car_176.jpg,Occlusion,4062 VTJ 
car_176.jpg,KSA_License_Plate_Project/Rotation/car_176.jpg,Rotation,4062 VTJ 
car_176.jpg,KSA_License_Plate_Project/Tilted/car_176.jpg,Tilted,4062 VTJ 
car_176.jpg,KSA_License_Plate_Project/Low_Res/car_176.jpg,Low_Res,4062 VTJ 
car_176.jpg,KSA_License_Plate_Project/Low_Light/car_176.jpg,Low_Light,4062 VTJ 
car_176.jpg,KSA_License_Plate_Project/Over_Exposed/car_176.jpg,Over_Exposed,4062 VTJ 
car_365.jpg,KSA_License_Plate_Project/Gaussian_Blur/car_365.jpg,Gaussian_Blur,555 XVM 
car_365.jpg,KSA_License_Plate_Project/Motion_Blur/car_365.jpg,Motion_Blur,555 XVM 
car_365.jpg,KSA_License_Plate_Project/Dirty/car_365.jpg,Dirty,555 XVM 
car_365.jpg,KSA_License_Plate_Project/Occlusion/car_365.jpg,Occlusion,555 XVM 
car_365.jpg,KSA_License_Plate_Project/Rotation/car_365.jpg,Rotation,555 XVM 
car_365.jpg,KSA_License_Plate_Project/Tilted/car_365.jpg,Tilted,555 XVM 
car_365.jpg,KSA_License_Plate_Project/Low_Res/car_365.jpg,Low_Res,555 XVM 
car_365.jpg,KSA_License_Plate_Project/Low_Light/car_365.jpg,Low_Light,555 XVM 
car_365.jpg,KSA_License_Plate_Project/Over_Exposed/car_365.jpg,Over_Exposed,555 XVM 
